Title,Link
Israel-Gaza War,https://www.bbc.com/news/topics/c2vdnvdg6xxt
War in Ukraine,https://www.bbc.com/news/war-in-ukraine
US & Canada,https://www.bbc.com/news/us-canada
Africa,https://www.bbc.com/news/world/africa
Australia,https://www.bbc.com/news/world/australia
Europe,https://www.bbc.com/news/world/europe
Latin America,https://www.bbc.com/news/world/latin_america
Middle East,https://www.bbc.com/news/world/middle_east
In Pictures,https://www.bbc.com/news/in_pictures
BBC InDepth,https://www.bbc.com/news/bbcindepth
BBC Verify,https://www.bbc.com/news/bbcverify
UK Politics,https://www.bbc.com/news/politics
England,https://www.bbc.com/news/england
N. Ireland,https://www.bbc.com/news/northern_ireland
N. Ireland Politics,https://www.bbc.com/news/northern_ireland/northern_ireland_politics
Scotland,https://www.bbc.com/news/scotland
Scotland Politics,https://www.bbc.com/news/scotland/scotland_politics
Wales,https://www.bbc.com/news/wales
Wales Politics,https://www.bbc.com/news/wales/wales_politics
China,https://www.bbc.com/news/world/asia/china
India,https://www.bbc.com/news/world/asia/india
"Polo-loving drug lord's double life catches up with himMuhammed Hafeez lived a double life, rubbing shoulders with UK royals while also controlling a drugs empire.37 mins agoWorld",https://www.bbc.com/news/articles/c14jpymxrkno
"MI5 misled watchdog about neo-Nazi spy caseThe regulator rewrote a draft report which had contradicted MI5’s false evidence, the BBC can reveal.2 hrs agoUK",https://www.bbc.com/news/articles/c0572v3j7dvo
The decades-old intrigue over an Indian guest house in MeccaA now-demolished guest house in Mecca is at the centre of a bitter family tussle in India.10 hrs agoWorld,https://www.bbc.com/news/articles/cwy3gqz48qzo
"US brings back El Salvador deportee to face chargesSalvadoran Kilmar Ábrego García, whose case became a political flashpoint, has been charged with human trafficking by US officials.7 hrs agoWorld",https://www.bbc.com/news/articles/c7v7ynv98r8o
On board the driverless lorries hoping to transform China's transport industryDriverless lorries are now operating across China - but public concern about these vehicles remains.8 hrs agoAsia,https://www.bbc.com/news/articles/c5ykel5dr62o
"Chinese boy fell to death after slip at Irish clifftopAt the coroner's court in County Clare, a French tourist describes seeing the 12-year-old boy from China fall over the edge.12 hrs agoWorld",https://www.bbc.com/news/articles/cwy30nqwy99o
Will Musk's explosive row with Trump help or harm his businesses?8 hrs agoWorld,https://www.bbc.com/news/articles/ceqgdnd2g9xo
"Schwarzenegger: Hey, stop whining, do something on climate change2 hrs ago",https://www.bbc.com/news/videos/ce80kyxd05wo
Secret Glastonbury: The mystery of the festival's surprise stars8 hrs agoUK,https://www.bbc.com/news/articles/cvg5zd3nkkwo
Rod Stewart cancels US gigs ahead of Glastonbury16 mins agoSomerset,https://www.bbc.com/news/articles/cx2j3ljw3ejo
The furniture fraud that hoodwinked the Palace of Versailles2 hrs agoEurope,https://www.bbc.com/news/articles/c3wd52lqqe8o
In pictures: India opens world's highest single-arch railway bridge in KashmirThe bridge will connect the valley region of Indian-administered Kashmir with the rest of the country by train.21 hrs agoAsia,https://www.bbc.com/news/articles/cvgnm54yd40o
William to address Monaco forum in bid to help world's oceansThe prince will use his influence to draw in people who can help generate environmental change.8 hrs agoScience & Environment,https://www.bbc.com/news/articles/c5ygzd1xwwqo
"Israeli army admits to Gaza strike after BBC Verify investigationAt least one Palestinian was killed and 30 others injured in the Israeli strike on tents in Khan Younis on Sunday, medics say.20 hrs agoMiddle East",https://www.bbc.com/news/articles/cr7zplv35l1o
"'Underwater needle in a haystack' - how a diver found a 140-year-old shipwreckAn expert says the find is ""the underwater archaeological equivalent of a needle in a haystack"".1 day agoDevon",https://www.bbc.com/news/articles/czel8y3dxp5o
We always joked dad looked nothing like his parents - then we found out whyMatthew's father died late last year - before learning the truth about his family history.2 hrs agoHealth,https://www.bbc.com/news/articles/c4gexw7l7rwo
Ros Atkins on... Ukraine's Operation 'Spider's Web'BBC Analysis Editor Ros Atkins and the BBC Verify team build up a picture of what happened and how it was done.14 hrs agoBBC Verify,https://www.bbc.com/news/videos/clyge373l56o
"1Schwarzenegger: Hey, stop whining, do something on climate change",https://www.bbc.com/news/videos/ce80kyxd05wo
2Watch: Did Trump win the re-election because of Musk?,https://www.bbc.com/news/videos/clyq9jeyzllo
3Watch: Moment Chile earthquake rocks live TV show,https://www.bbc.com/news/videos/cev4lzg7zeko
4Watch: What's happening with Trump's Tesla parked at White House?,https://www.bbc.com/news/videos/cly373y03p7o
5Moment elephants huddle to protect calves during earthquake,https://www.bbc.com/news/videos/c3r8402l2qvo
"Watch: Moment Chile earthquake rocks live TV showThe 6.4 magnitude earthquake interrupted the broadcast, shaking the equipment in the studio.5 hrs agoLatin America",https://www.bbc.com/news/videos/cev4lzg7zeko
Australian mushroom lunch cook tells trial meal was 'special'Erin Patterson denies intentionally putting toxic fungi into a home-cooked meal to kill her relatives.1 day agoAustralia,https://www.bbc.com/news/articles/c5y8e1l55kko
Four arrested over India cricket stadium crushPersonnel from the cricket league - Royal Challengers Bengaluru - are among the four arrested.1 day agoAsia,https://www.bbc.com/news/articles/cx2e1w4y23ro
Interpol issues red notice for Ghana's 'fugitive' ex-ministerThe 65-year-old is alleged to be at the centre of several corruption cases; he has said he has been unlawfully treated.18 hrs agoAfrica,https://www.bbc.com/news/articles/ckg782knkd5o
Police search for Washington man accused of killing his 3 daughtersTravis Decker is believed to be using his outdoor survival skills to hide in a remote part of Washington state.13 hrs agoUS & Canada,https://www.bbc.com/news/articles/czdyeld2m2yo
Beyoncé dazzles on first night of London residency after slow ticket salesThe 43-year-old global superstar performed the first night of her six show residency in London.1 day agoCulture,https://www.bbc.com/news/articles/cvgvlxk01gvo
1Polo-loving drug lord's double life catches up with him,https://www.bbc.com/news/articles/c14jpymxrkno
2Boy fell to death after slip at Cliffs of Moher - inquest,https://www.bbc.com/news/articles/cwy30nqwy99o
3Secret Glastonbury: The mystery of the festival's surprise stars,https://www.bbc.com/news/articles/cvg5zd3nkkwo
4We always joked dad looked nothing like his parents - then we found out why,https://www.bbc.com/news/articles/c4gexw7l7rwo
5Missing British backpacker found dead in Malaysia,https://www.bbc.com/news/articles/cx2e1ppxjzdo
6Will Musk's explosive row with Trump help or harm his businesses?,https://www.bbc.com/news/articles/ceqgdnd2g9xo
7US brings back El Salvador deportee to face charges,https://www.bbc.com/news/articles/c7v7ynv98r8o
8The decades-old intrigue over an Indian guest house in Mecca,https://www.bbc.com/news/articles/cwy3gqz48qzo
9Pornhub pulls out of France over age verification law,https://www.bbc.com/news/articles/c5yelvlnzveo
10On board the driverless lorries hoping to transform China's transport industry,https://www.bbc.com/news/articles/c5ykel5dr62o
